F1,P,R,AUROC,AUCPR,entity_id
0.8695602604772591,0.7692307363576608,0.9999999444444475,0.1791867308721241,0.051667686620216494,M-6
